CHURN,AGE,STATUS,CHILDREN,EXPSAL,ACTSAL,
0,28,MARRIED,Yes," 21,991 "," 15,986 ",
0,24,MARRIED,Yes," 19,848 "," 21,554 ",
0,24,MARRIED,Yes," 22,131 "," 19,090 ",
0,27,MARRIED,Yes," 18,133 "," 21,779 ",
0,24,MARRIED,No," 19,315 "," 16,432 ",
0,28,MARRIED,Yes," 15,838 "," 17,129 ",
0,31,MARRIED,Yes," 23,691 "," 22,516 ",
0,27,MARRIED,Yes," 17,008 "," 17,834 ",
0,25,MARRIED,Yes," 23,063 "," 20,553 ",
0,28,MARRIED,Yes," 19,797 "," 18,854 ",
0,25,MARRIED,Yes," 20,677 "," 16,699 ",
0,24,MARRIED,No," 18,986 "," 18,095 ",
0,25,MARRIED,No," 22,711 "," 17,444 ",
0,28,MARRIED,Yes," 23,535 "," 14,571 ",
0,24,SINGLE,No," 16,105 "," 14,472 ",
0,26,MARRIED,Yes," 22,688 "," 16,731 ",
0,27,SINGLE,Yes," 17,624 "," 18,183 ",
0,32,MARRIED,Yes," 15,971 "," 22,021 ",
0,24,MARRIED,No," 20,311 "," 17,324 ",
0,27,MARRIED,No," 17,160 "," 20,300 ",
0,31,MARRIED,Yes," 16,562 "," 19,362 ",
0,24,MARRIED,No," 16,315 "," 20,845 ",
0,31,MARRIED,Yes," 20,574 "," 22,186 ",
0,32,SINGLE,Yes," 20,114 "," 19,138 ",
0,26,SINGLE,Yes," 15,115 "," 22,799 ",
0,25,MARRIED,Yes," 20,167 "," 19,434 ",
0,30,MARRIED,No," 21,394 "," 17,978 ",
0,32,SINGLE,Yes," 21,953 "," 19,932 ",
0,27,SINGLE,Yes," 22,158 "," 16,543 ",
0,24,SINGLE,Yes," 23,672 "," 15,025 ",
0,24,SINGLE,No," 14,959 "," 14,685 ",
0,32,MARRIED,Yes," 20,304 "," 16,702 ",
0,30,MARRIED,Yes," 22,484 "," 18,543 ",
0,24,MARRIED,No," 22,762 "," 15,914 ",
0,32,SINGLE,Yes," 23,154 "," 14,358 ",
0,26,MARRIED,No," 23,212 "," 17,165 ",
0,29,MARRIED,No," 17,175 "," 22,526 ",
0,30,MARRIED,Yes," 21,031 "," 17,771 ",
0,26,MARRIED,No," 23,222 "," 16,809 ",
0,28,MARRIED,No," 19,197 "," 22,749 ",
0,29,MARRIED,Yes," 16,162 "," 17,051 ",
0,28,MARRIED,Yes," 17,750 "," 15,279 ",
0,25,MARRIED,Yes," 21,130 "," 17,769 ",
0,24,MARRIED,No," 15,239 "," 14,977 ",
0,29,MARRIED,No," 19,097 "," 18,322 ",
0,24,MARRIED,Yes," 16,199 "," 19,641 ",
0,28,MARRIED,Yes," 18,026 "," 18,051 ",
0,29,SINGLE,No," 19,158 "," 21,184 ",
0,26,MARRIED,Yes," 19,635 "," 22,370 ",
0,29,MARRIED,Yes," 18,150 "," 15,891 ",
0,25,SINGLE,Yes," 19,693 "," 20,168 ",
0,31,MARRIED,Yes," 15,261 "," 21,584 ",
0,31,SINGLE,Yes," 21,605 "," 18,632 ",
0,31,SINGLE,Yes," 20,396 "," 22,611 ",
0,26,MARRIED,Yes," 20,229 "," 19,649 ",
0,29,MARRIED,No," 16,713 "," 15,517 ",
0,31,MARRIED,No," 18,517 "," 14,273 ",
0,25,MARRIED,No," 16,384 "," 18,677 ",
0,26,MARRIED,Yes," 17,892 "," 22,539 ",
0,26,SINGLE,Yes," 22,412 "," 16,190 ",
0,28,MARRIED,Yes," 20,121 "," 20,423 ",
0,26,MARRIED,Yes," 14,558 "," 19,093 ",
0,25,MARRIED,Yes," 19,563 "," 18,502 ",
0,27,MARRIED,Yes," 20,273 "," 14,666 ",
0,32,MARRIED,No," 21,380 "," 14,558 ",
0,31,SINGLE,Yes," 15,903 "," 15,502 ",
0,30,SINGLE,No," 20,965 "," 16,583 ",
0,24,MARRIED,No," 15,972 "," 22,181 ",
0,32,MARRIED,Yes," 21,543 "," 15,129 ",
0,32,MARRIED,Yes," 22,514 "," 20,195 ",
0,32,SINGLE,No," 15,880 "," 15,962 ",
0,27,MARRIED,Yes," 17,338 "," 16,675 ",
0,26,SINGLE,Yes," 20,869 "," 21,414 ",
0,26,SINGLE,No," 21,258 "," 14,562 ",
0,30,SINGLE,Yes," 22,896 "," 20,691 ",
0,32,MARRIED,Yes," 23,045 "," 15,749 ",
0,30,SINGLE,No," 22,169 "," 20,999 ",
0,29,SINGLE,No," 14,591 "," 19,917 ",
0,31,SINGLE,Yes," 22,040 "," 17,395 ",
0,31,SINGLE,Yes," 21,369 "," 18,115 ",
0,28,MARRIED,Yes," 22,219 "," 20,737 ",
0,32,MARRIED,Yes," 22,029 "," 15,366 ",
0,24,MARRIED,No," 17,346 "," 18,208 ",
0,25,SINGLE,Yes," 19,049 "," 17,227 ",
0,28,MARRIED,Yes," 16,780 "," 16,652 ",
0,27,MARRIED,Yes," 21,840 "," 21,634 ",
0,27,MARRIED,No," 22,130 "," 21,334 ",
0,29,MARRIED,No," 19,076 "," 14,004 ",
0,28,MARRIED,Yes," 23,064 "," 15,723 ",
0,29,SINGLE,Yes," 19,158 "," 22,368 ",
0,25,MARRIED,Yes," 18,435 "," 19,293 ",
0,30,SINGLE,No," 19,416 "," 18,802 ",
0,26,MARRIED,No," 19,165 "," 17,924 ",
0,32,MARRIED,No," 15,448 "," 17,816 ",
0,33,MARRIED,Yes," 22,299 "," 21,947 ",
0,34,MARRIED,Yes," 17,394 "," 17,204 ",
0,25,SINGLE,No," 17,318 "," 20,643 ",
0,29,MARRIED,Yes," 21,465 "," 13,726 ",
0,32,MARRIED,No," 19,631 "," 15,325 ",
0,31,MARRIED,No," 15,769 "," 22,927 ",
0,29,SINGLE,Yes," 18,144 "," 18,364 ",
0,29,SINGLE,Yes," 15,312 "," 20,092 ",
0,34,MARRIED,No," 15,160 "," 18,510 ",
0,32,MARRIED,Yes," 17,745 "," 17,926 ",
0,32,MARRIED,Yes," 15,449 "," 21,544 ",
0,33,SINGLE,No," 17,951 "," 21,025 ",
0,32,MARRIED,No," 22,046 "," 15,384 ",
0,32,SINGLE,No," 22,042 "," 22,172 ",
0,29,MARRIED,Yes," 18,551 "," 20,181 ",
0,30,SINGLE,Yes," 18,063 "," 18,576 ",
0,25,MARRIED,Yes," 22,770 "," 18,122 ",
0,33,SINGLE,Yes," 14,843 "," 17,489 ",
0,33,SINGLE,Yes," 16,722 "," 18,036 ",
0,26,SINGLE,Yes," 23,249 "," 19,762 ",
0,32,SINGLE,No," 19,900 "," 20,232 ",
0,28,MARRIED,Yes," 19,815 "," 16,393 ",
0,24,MARRIED,Yes," 23,323 "," 22,947 ",
0,32,MARRIED,No," 16,011 "," 20,226 ",
0,29,MARRIED,Yes," 20,740 "," 20,259 ",
0,33,MARRIED,No," 16,826 "," 21,340 ",
0,31,MARRIED,Yes," 19,709 "," 14,730 ",
0,27,MARRIED,Yes," 17,485 "," 22,530 ",
0,24,MARRIED,No," 19,066 "," 20,630 ",
0,29,MARRIED,Yes," 22,855 "," 21,364 ",
0,31,MARRIED,Yes," 19,813 "," 15,155 ",
0,32,SINGLE,Yes," 15,917 "," 20,747 ",
0,32,MARRIED,No," 21,113 "," 21,403 ",
0,27,MARRIED,Yes," 21,092 "," 13,858 ",
0,24,MARRIED,No," 17,690 "," 17,260 ",
0,32,SINGLE,No," 21,045 "," 17,458 ",
0,34,MARRIED,No," 23,919 "," 19,308 ",
0,25,SINGLE,Yes," 17,234 "," 18,684 ",
0,27,SINGLE,Yes," 19,480 "," 18,839 ",
0,28,MARRIED,Yes," 18,472 "," 21,362 ",
0,32,SINGLE,Yes," 17,310 "," 18,443 ",
0,24,MARRIED,No," 22,186 "," 18,679 ",
0,30,SINGLE,Yes," 16,811 "," 19,206 ",
0,24,MARRIED,Yes," 18,086 "," 19,723 ",
0,31,MARRIED,No," 18,871 "," 14,882 ",
0,31,MARRIED,Yes," 16,303 "," 17,270 ",
0,27,SINGLE,No," 22,804 "," 14,128 ",
0,33,SINGLE,Yes," 22,224 "," 18,641 ",
0,25,SINGLE,Yes," 20,072 "," 22,940 ",
0,26,MARRIED,Yes," 18,503 "," 13,904 ",
0,34,MARRIED,Yes," 17,482 "," 17,605 ",
0,32,MARRIED,Yes," 14,696 "," 18,906 ",
0,27,MARRIED,Yes," 16,487 "," 21,919 ",
0,32,SINGLE,Yes," 19,038 "," 20,712 ",
0,34,MARRIED,Yes," 15,037 "," 15,191 ",
0,26,MARRIED,No," 14,827 "," 13,843 ",
0,27,MARRIED,Yes," 22,572 "," 18,263 ",
0,30,MARRIED,Yes," 19,556 "," 18,644 ",
0,33,SINGLE,No," 15,965 "," 19,965 ",
0,26,MARRIED,Yes," 19,251 "," 16,069 ",
0,31,SINGLE,Yes," 15,299 "," 21,873 ",
0,29,MARRIED,Yes," 19,988 "," 22,673 ",
0,30,MARRIED,Yes," 16,295 "," 21,812 ",
0,28,SINGLE,Yes," 20,231 "," 16,041 ",
0,29,SINGLE,Yes," 21,869 "," 18,197 ",
0,25,MARRIED,No," 15,098 "," 21,968 ",
0,25,MARRIED,Yes," 16,644 "," 20,870 ",
0,33,MARRIED,No," 23,685 "," 18,055 ",
0,33,MARRIED,Yes," 18,228 "," 20,428 ",
0,24,SINGLE,No," 22,803 "," 13,993 ",
0,33,MARRIED,Yes," 18,816 "," 15,360 ",
0,31,MARRIED,Yes," 15,505 "," 17,982 ",
0,32,SINGLE,Yes," 23,569 "," 17,205 ",
0,30,MARRIED,Yes," 22,145 "," 16,351 ",
0,31,MARRIED,Yes," 19,889 "," 14,044 ",
0,31,MARRIED,No," 21,088 "," 20,473 ",
0,32,SINGLE,No," 20,696 "," 22,533 ",
0,28,MARRIED,No," 14,537 "," 18,875 ",
0,30,MARRIED,No," 20,200 "," 18,543 ",
0,24,MARRIED,Yes," 16,510 "," 19,135 ",
0,24,MARRIED,Yes," 19,265 "," 16,794 ",
0,26,SINGLE,Yes," 21,054 "," 20,522 ",
0,32,MARRIED,Yes," 15,264 "," 17,973 ",
0,34,MARRIED,No," 19,582 "," 18,776 ",
0,24,MARRIED,No," 18,558 "," 20,411 ",
0,24,SINGLE,Yes," 17,343 "," 18,364 ",
0,24,MARRIED,Yes," 16,405 "," 22,880 ",
0,33,MARRIED,Yes," 18,010 "," 22,694 ",
0,31,MARRIED,Yes," 15,817 "," 14,024 ",
0,34,MARRIED,Yes," 18,299 "," 20,223 ",
0,32,SINGLE,No," 19,763 "," 16,688 ",
0,33,SINGLE,Yes," 16,265 "," 16,487 ",
0,28,MARRIED,Yes," 15,182 "," 21,614 ",
0,34,MARRIED,Yes," 22,931 "," 15,454 ",
0,28,SINGLE,Yes," 22,348 "," 19,222 ",
0,30,MARRIED,No," 20,985 "," 19,354 ",
0,27,MARRIED,Yes," 17,394 "," 17,050 ",
0,30,MARRIED,Yes," 19,176 "," 19,457 ",
0,33,MARRIED,Yes," 14,509 "," 15,636 ",
0,29,MARRIED,No," 18,898 "," 18,032 ",
0,26,MARRIED,Yes," 14,553 "," 15,757 ",
0,24,MARRIED,No," 22,671 "," 16,697 ",
0,32,SINGLE,Yes," 15,837 "," 14,679 ",
0,30,MARRIED,No," 23,623 "," 13,947 ",
0,33,MARRIED,Yes," 16,092 "," 20,103 ",
0,34,MARRIED,Yes," 17,235 "," 18,220 ",
0,30,SINGLE,Yes," 16,919 "," 17,846 ",
0,29,MARRIED,Yes," 17,261 "," 21,593 ",
0,31,SINGLE,No," 18,847 "," 21,979 ",
0,34,MARRIED,No," 19,159 "," 22,677 ",
0,29,SINGLE,Yes," 17,098 "," 20,164 ",
0,31,MARRIED,No," 15,544 "," 17,856 ",
0,34,MARRIED,Yes," 16,374 "," 15,819 ",
0,25,MARRIED,Yes," 20,909 "," 22,275 ",
0,29,MARRIED,Yes," 21,202 "," 14,553 ",
0,24,MARRIED,Yes," 20,411 "," 17,738 ",
0,33,MARRIED,Yes," 18,733 "," 20,566 ",
0,31,MARRIED,Yes," 16,242 "," 16,211 ",
0,24,SINGLE,No," 23,177 "," 16,189 ",
0,30,MARRIED,Yes," 23,594 "," 18,652 ",
0,30,MARRIED,No," 19,267 "," 14,029 ",
0,29,SINGLE,No," 20,423 "," 21,526 ",
0,33,SINGLE,Yes," 19,237 "," 18,590 ",
0,26,MARRIED,Yes," 20,277 "," 19,846 ",
0,32,SINGLE,Yes," 17,927 "," 14,543 ",
0,34,MARRIED,No," 16,469 "," 22,493 ",
0,28,MARRIED,Yes," 16,165 "," 20,580 ",
0,26,MARRIED,Yes," 21,768 "," 18,746 ",
0,30,SINGLE,Yes," 14,690 "," 21,179 ",
0,31,MARRIED,No," 20,625 "," 16,640 ",
0,33,SINGLE,No," 15,091 "," 22,453 ",
0,31,MARRIED,Yes," 20,683 "," 13,783 ",
0,28,SINGLE,No," 17,866 "," 14,615 ",
0,24,SINGLE,Yes," 20,671 "," 18,858 ",
0,25,MARRIED,Yes," 21,400 "," 19,014 ",
0,25,MARRIED,No," 15,046 "," 20,325 ",
0,34,MARRIED,Yes," 18,968 "," 14,118 ",
0,30,SINGLE,Yes," 22,065 "," 19,303 ",
0,25,MARRIED,Yes," 15,276 "," 19,806 ",
0,25,SINGLE,No," 19,353 "," 22,718 ",
0,29,MARRIED,No," 22,229 "," 15,064 ",
0,30,MARRIED,Yes," 22,312 "," 21,606 ",
0,27,MARRIED,No," 22,395 "," 19,171 ",
0,31,SINGLE,No," 21,460 "," 20,086 ",
0,30,MARRIED,Yes," 19,824 "," 18,097 ",
0,31,MARRIED,Yes," 15,444 "," 19,480 ",
0,32,MARRIED,Yes," 23,541 "," 18,565 ",
0,33,SINGLE,No," 14,569 "," 17,179 ",
0,25,SINGLE,Yes," 22,026 "," 21,120 ",
0,27,MARRIED,No," 23,727 "," 13,945 ",
0,25,MARRIED,Yes," 21,660 "," 15,118 ",
0,25,MARRIED,Yes," 19,978 "," 20,643 ",
0,26,MARRIED,Yes," 22,011 "," 17,164 ",
0,27,MARRIED,Yes," 18,412 "," 16,970 ",
0,26,MARRIED,Yes," 20,321 "," 20,736 ",
0,32,MARRIED,Yes," 14,841 "," 18,889 ",
0,33,MARRIED,Yes," 19,622 "," 18,827 ",
0,32,SINGLE,Yes," 19,837 "," 13,899 ",
0,25,SINGLE,Yes," 18,056 "," 16,528 ",
0,27,SINGLE,Yes," 14,621 "," 16,896 ",
0,28,MARRIED,Yes," 19,587 "," 15,173 ",
0,24,SINGLE,Yes," 20,451 "," 20,038 ",
0,32,MARRIED,Yes," 23,089 "," 20,427 ",
0,32,MARRIED,Yes," 15,192 "," 16,323 ",
0,27,MARRIED,No," 22,571 "," 15,550 ",
0,25,MARRIED,Yes," 23,035 "," 17,877 ",
0,30,SINGLE,Yes," 14,656 "," 21,279 ",
0,29,MARRIED,Yes," 18,860 "," 20,723 ",
0,25,MARRIED,Yes," 20,869 "," 18,373 ",
0,26,MARRIED,No," 21,854 "," 18,205 ",
0,34,MARRIED,No," 18,198 "," 18,850 ",
0,30,SINGLE,No," 22,539 "," 14,586 ",
0,29,MARRIED,Yes," 21,962 "," 20,988 ",
0,30,MARRIED,Yes," 16,581 "," 14,888 ",
0,31,MARRIED,Yes," 19,845 "," 16,749 ",
0,32,MARRIED,No," 21,638 "," 16,838 ",
0,33,MARRIED,Yes," 19,046 "," 21,938 ",
0,24,MARRIED,Yes," 22,598 "," 20,567 ",
0,31,SINGLE,Yes," 22,956 "," 17,156 ",
0,31,SINGLE,No," 15,781 "," 20,138 ",
0,31,SINGLE,No," 21,832 "," 22,327 ",
0,25,MARRIED,No," 16,241 "," 14,701 ",
0,34,MARRIED,Yes," 18,834 "," 14,937 ",
0,27,MARRIED,Yes," 18,504 "," 18,593 ",
0,32,MARRIED,Yes," 22,092 "," 22,268 ",
0,29,MARRIED,No," 21,261 "," 19,954 ",
0,25,MARRIED,Yes," 18,497 "," 21,632 ",
0,25,SINGLE,Yes," 20,241 "," 13,957 ",
0,26,SINGLE,Yes," 15,963 "," 15,216 ",
0,25,MARRIED,Yes," 21,438 "," 16,615 ",
0,25,SINGLE,Yes," 14,528 "," 16,076 ",
0,31,SINGLE,No," 18,724 "," 15,310 ",
0,32,SINGLE,Yes," 17,810 "," 14,151 ",
0,30,MARRIED,No," 19,589 "," 22,433 ",
0,31,SINGLE,Yes," 17,535 "," 14,574 ",
0,29,MARRIED,Yes," 22,215 "," 17,816 ",
0,28,MARRIED,Yes," 16,697 "," 13,864 ",
0,30,MARRIED,Yes," 16,989 "," 14,978 ",
0,34,SINGLE,Yes," 19,145 "," 14,176 ",
0,26,MARRIED,No," 18,510 "," 20,540 ",
0,33,MARRIED,Yes," 21,437 "," 16,447 ",
0,32,SINGLE,Yes," 21,913 "," 18,751 ",
0,28,MARRIED,Yes," 22,064 "," 20,565 ",
0,32,SINGLE,No," 22,849 "," 22,693 ",
0,30,SINGLE,Yes," 17,283 "," 14,270 ",
0,33,MARRIED,Yes," 22,115 "," 15,351 ",
0,31,MARRIED,No," 15,509 "," 22,418 ",
0,24,MARRIED,Yes," 17,329 "," 22,780 ",
0,26,MARRIED,Yes," 22,731 "," 14,456 ",
0,27,MARRIED,Yes," 21,881 "," 17,686 ",
0,34,MARRIED,Yes," 21,560 "," 21,291 ",
0,28,SINGLE,No," 19,144 "," 16,650 ",
0,25,MARRIED,No," 15,873 "," 19,430 ",
0,26,MARRIED,Yes," 16,872 "," 16,434 ",
0,27,SINGLE,No," 18,343 "," 22,649 ",
0,30,SINGLE,Yes," 17,725 "," 15,249 ",
0,34,SINGLE,No," 22,904 "," 19,132 ",
0,32,MARRIED,No," 17,047 "," 16,716 ",
0,24,SINGLE,Yes," 17,870 "," 16,014 ",
0,26,MARRIED,Yes," 18,268 "," 20,453 ",
0,29,MARRIED,Yes," 15,189 "," 20,939 ",
0,27,MARRIED,Yes," 23,218 "," 19,720 ",
0,34,MARRIED,Yes," 16,601 "," 17,449 ",
0,27,SINGLE,No," 15,195 "," 19,747 ",
0,33,SINGLE,Yes," 20,785 "," 15,918 ",
0,31,SINGLE,Yes," 16,871 "," 21,039 ",
0,33,MARRIED,No," 19,013 "," 22,419 ",
0,27,SINGLE,Yes," 23,021 "," 17,258 ",
0,32,MARRIED,No," 21,994 "," 17,836 ",
0,27,MARRIED,No," 16,926 "," 16,186 ",
0,26,MARRIED,Yes," 15,238 "," 17,832 ",
0,29,SINGLE,Yes," 21,185 "," 18,980 ",
0,33,SINGLE,Yes," 21,137 "," 20,261 ",
0,30,MARRIED,Yes," 23,711 "," 15,814 ",
0,26,MARRIED,No," 17,781 "," 21,675 ",
0,30,MARRIED,Yes," 14,510 "," 22,007 ",
0,33,MARRIED,Yes," 16,292 "," 22,478 ",
0,26,SINGLE,No," 22,429 "," 13,717 ",
0,26,SINGLE,Yes," 23,526 "," 15,163 ",
0,31,MARRIED,Yes," 20,336 "," 17,044 ",
0,28,MARRIED,Yes," 16,561 "," 14,132 ",
0,27,MARRIED,No," 17,436 "," 13,913 ",
0,32,MARRIED,Yes," 19,194 "," 15,082 ",
0,29,SINGLE,No," 15,656 "," 21,861 ",
0,26,SINGLE,No," 22,098 "," 18,818 ",
0,34,MARRIED,Yes," 19,728 "," 21,041 ",
0,26,SINGLE,No," 16,814 "," 15,262 ",
0,31,MARRIED,Yes," 18,978 "," 20,631 ",
0,30,MARRIED,No," 16,536 "," 17,375 ",
0,30,MARRIED,No," 23,332 "," 15,580 ",
0,25,SINGLE,No," 18,938 "," 22,583 ",
0,27,SINGLE,Yes," 23,641 "," 13,878 ",
0,28,SINGLE,Yes," 16,662 "," 16,669 ",
0,33,SINGLE,No," 20,590 "," 22,906 ",
0,28,MARRIED,No," 19,654 "," 21,681 ",
0,27,MARRIED,Yes," 17,250 "," 22,596 ",
0,24,SINGLE,Yes," 23,785 "," 13,832 ",
0,30,MARRIED,No," 20,112 "," 19,581 ",
0,25,MARRIED,Yes," 20,454 "," 21,276 ",
0,33,SINGLE,Yes," 20,445 "," 22,307 ",
0,25,MARRIED,Yes," 22,533 "," 16,408 ",
0,33,SINGLE,Yes," 20,713 "," 22,621 ",
0,24,MARRIED,Yes," 15,021 "," 13,737 ",
0,28,SINGLE,Yes," 20,269 "," 22,426 ",
0,26,SINGLE,No," 19,718 "," 13,748 ",
0,31,SINGLE,No," 16,312 "," 22,217 ",
0,34,MARRIED,No," 19,588 "," 20,673 ",
0,30,SINGLE,Yes," 21,395 "," 19,656 ",
0,33,SINGLE,Yes," 18,203 "," 20,965 ",
0,31,SINGLE,Yes," 19,625 "," 16,997 ",
0,27,MARRIED,No," 22,089 "," 21,987 ",
0,28,SINGLE,Yes," 18,585 "," 15,800 ",
0,26,MARRIED,Yes," 19,108 "," 18,336 ",
0,27,SINGLE,Yes," 21,423 "," 17,515 ",
0,24,SINGLE,Yes," 18,285 "," 22,100 ",
0,29,MARRIED,Yes," 21,507 "," 19,623 ",
0,27,SINGLE,No," 21,238 "," 14,739 ",
0,27,MARRIED,Yes," 20,031 "," 17,690 ",
0,28,SINGLE,Yes," 17,223 "," 16,809 ",
0,27,MARRIED,No," 20,813 "," 16,613 ",
0,28,SINGLE,Yes," 18,530 "," 22,316 ",
0,32,SINGLE,Yes," 18,451 "," 18,473 ",
0,33,MARRIED,Yes," 20,093 "," 21,877 ",
0,25,MARRIED,Yes," 21,205 "," 22,091 ",
0,26,MARRIED,Yes," 20,377 "," 22,642 ",
0,30,SINGLE,Yes," 15,673 "," 16,454 ",
0,33,MARRIED,No," 21,750 "," 17,652 ",
0,29,SINGLE,Yes," 20,681 "," 21,366 ",
0,25,MARRIED,No," 15,398 "," 20,466 ",
0,26,SINGLE,Yes," 15,742 "," 21,098 ",
0,30,MARRIED,Yes," 17,235 "," 21,661 ",
0,30,SINGLE,Yes," 19,250 "," 16,960 ",
0,32,SINGLE,Yes," 15,729 "," 15,116 ",
0,33,SINGLE,Yes," 22,432 "," 20,362 ",
0,33,SINGLE,Yes," 16,703 "," 17,852 ",
0,33,MARRIED,Yes," 17,706 "," 19,464 ",
0,31,SINGLE,No," 17,685 "," 21,648 ",
0,26,MARRIED,Yes," 23,888 "," 21,699 ",
0,25,MARRIED,Yes," 17,946 "," 15,892 ",
0,26,MARRIED,Yes," 20,194 "," 17,997 ",
0,34,MARRIED,Yes," 15,202 "," 17,776 ",
0,27,MARRIED,No," 17,556 "," 21,170 ",
0,30,MARRIED,Yes," 18,182 "," 14,646 ",
0,31,MARRIED,No," 18,814 "," 19,613 ",
0,32,SINGLE,Yes," 19,271 "," 17,438 ",
0,26,SINGLE,Yes," 21,582 "," 15,640 ",
0,31,SINGLE,Yes," 14,946 "," 21,630 ",
0,32,MARRIED,Yes," 20,828 "," 15,849 ",
0,30,SINGLE,No," 22,397 "," 14,096 ",
0,25,SINGLE,Yes," 23,938 "," 14,687 ",
0,31,MARRIED,Yes," 20,141 "," 20,482 ",
0,24,SINGLE,Yes," 20,214 "," 21,347 ",
0,29,SINGLE,No," 18,595 "," 18,833 ",
0,30,MARRIED,Yes," 14,652 "," 22,857 ",
0,31,MARRIED,Yes," 22,387 "," 17,502 ",
0,29,SINGLE,Yes," 18,960 "," 20,490 ",
0,26,SINGLE,Yes," 22,392 "," 15,588 ",
0,27,SINGLE,Yes," 18,200 "," 22,158 ",
0,33,MARRIED,Yes," 14,812 "," 14,071 ",
0,30,SINGLE,Yes," 22,999 "," 19,837 ",
0,30,SINGLE,Yes," 21,732 "," 16,339 ",
0,27,SINGLE,Yes," 18,721 "," 17,109 ",
0,29,SINGLE,Yes," 16,905 "," 14,818 ",
0,31,MARRIED,Yes," 18,336 "," 18,907 ",
0,27,MARRIED,Yes," 15,945 "," 16,542 ",
0,29,SINGLE,No," 23,040 "," 18,136 ",
0,28,SINGLE,Yes," 15,275 "," 16,171 ",
0,28,SINGLE,Yes," 15,850 "," 21,356 ",
0,33,MARRIED,Yes," 18,243 "," 20,713 ",
0,28,SINGLE,Yes," 21,220 "," 16,871 ",
0,25,MARRIED,Yes," 20,106 "," 18,748 ",
0,26,SINGLE,Yes," 23,283 "," 21,735 ",
0,28,MARRIED,No," 18,389 "," 18,337 ",
0,32,MARRIED,Yes," 23,203 "," 17,227 ",
0,34,SINGLE,Yes," 17,545 "," 16,254 ",
0,32,MARRIED,Yes," 20,107 "," 13,898 ",
0,30,SINGLE,Yes," 23,407 "," 22,402 ",
0,27,MARRIED,Yes," 20,878 "," 20,596 ",
0,32,SINGLE,Yes," 16,857 "," 18,442 ",
0,30,MARRIED,Yes," 18,022 "," 15,459 ",
0,24,MARRIED,Yes," 19,145 "," 17,977 ",
0,29,SINGLE,Yes," 16,223 "," 20,732 ",
0,32,SINGLE,No," 23,665 "," 17,943 ",
0,31,SINGLE,No," 21,886 "," 20,104 ",
0,29,SINGLE,No," 21,250 "," 16,306 ",
0,28,SINGLE,Yes," 17,081 "," 20,068 ",
0,24,SINGLE,Yes," 14,955 "," 14,779 ",
0,32,SINGLE,Yes," 17,086 "," 19,198 ",
0,32,SINGLE,Yes," 19,035 "," 15,039 ",
0,24,SINGLE,Yes," 16,432 "," 16,654 ",
0,30,MARRIED,Yes," 20,330 "," 16,557 ",
0,28,MARRIED,Yes," 21,446 "," 14,899 ",
0,28,SINGLE,No," 18,249 "," 16,164 ",
0,26,SINGLE,Yes," 22,685 "," 17,840 ",
0,25,SINGLE,Yes," 20,433 "," 17,659 ",
0,24,SINGLE,Yes," 23,071 "," 14,131 ",
0,34,SINGLE,No," 22,587 "," 19,725 ",
0,24,SINGLE,No," 23,611 "," 17,726 ",
0,31,SINGLE,Yes," 19,910 "," 22,129 ",
0,32,SINGLE,Yes," 18,159 "," 17,687 ",
0,26,SINGLE,No," 22,088 "," 16,985 ",
0,30,MARRIED,Yes," 19,380 "," 17,105 ",
0,27,MARRIED,Yes," 20,197 "," 21,073 ",
0,32,SINGLE,Yes," 20,780 "," 15,205 ",
0,30,MARRIED,No," 22,177 "," 14,880 ",
0,27,SINGLE,Yes," 15,871 "," 22,089 ",
0,26,SINGLE,Yes," 14,544 "," 18,775 ",
0,26,MARRIED,Yes," 16,290 "," 15,500 ",
0,24,MARRIED,No," 20,100 "," 17,543 ",
0,26,SINGLE,Yes," 20,616 "," 21,402 ",
0,29,SINGLE,No," 15,062 "," 14,108 ",
0,30,MARRIED,No," 15,644 "," 22,883 ",
0,28,SINGLE,Yes," 16,652 "," 21,668 ",
0,24,SINGLE,Yes," 15,718 "," 21,096 ",
0,25,SINGLE,Yes," 23,757 "," 22,612 ",
0,30,SINGLE,Yes," 16,734 "," 15,789 ",
0,27,SINGLE,Yes," 16,268 "," 21,174 ",
0,26,SINGLE,No," 16,285 "," 16,265 ",
0,31,MARRIED,Yes," 18,787 "," 14,484 ",
0,26,SINGLE,Yes," 17,045 "," 19,363 ",
0,32,MARRIED,Yes," 17,317 "," 14,689 ",
0,32,MARRIED,Yes," 22,480 "," 16,079 ",
0,29,MARRIED,No," 15,076 "," 15,008 ",
0,33,MARRIED,Yes," 21,113 "," 22,458 ",
0,25,SINGLE,Yes," 18,062 "," 19,890 ",
0,33,MARRIED,Yes," 15,907 "," 20,811 ",
0,27,SINGLE,No," 14,673 "," 19,956 ",
0,25,SINGLE,No," 18,441 "," 15,902 ",
0,29,MARRIED,Yes," 19,878 "," 16,658 ",
0,28,MARRIED,Yes," 21,263 "," 22,595 ",
0,31,MARRIED,No," 22,537 "," 21,971 ",
0,30,MARRIED,Yes," 16,830 "," 20,010 ",
0,34,MARRIED,Yes," 16,633 "," 18,181 ",
0,28,MARRIED,No," 21,850 "," 14,332 ",
0,30,MARRIED,No," 19,245 "," 13,982 ",
0,34,MARRIED,Yes," 23,404 "," 14,719 ",
0,26,MARRIED,Yes," 16,182 "," 14,379 ",
0,34,MARRIED,No," 17,567 "," 16,357 ",
0,32,SINGLE,Yes," 18,449 "," 18,489 ",
0,27,SINGLE,No," 17,719 "," 15,502 ",
0,28,SINGLE,No," 18,833 "," 22,333 ",
0,29,MARRIED,Yes," 18,668 "," 19,256 ",
0,30,MARRIED,Yes," 17,514 "," 21,171 ",
0,24,MARRIED,No," 23,890 "," 17,105 ",
0,24,SINGLE,Yes," 14,779 "," 16,728 ",
0,31,SINGLE,Yes," 16,394 "," 20,106 ",
0,25,MARRIED,No," 22,952 "," 17,965 ",
0,26,SINGLE,Yes," 18,055 "," 20,347 ",
0,34,SINGLE,No," 17,061 "," 15,906 ",
0,30,MARRIED,No," 21,711 "," 18,280 ",
0,25,SINGLE,Yes," 19,955 "," 16,642 ",
0,25,SINGLE,Yes," 19,988 "," 22,085 ",
0,31,MARRIED,Yes," 21,766 "," 18,033 ",
0,27,MARRIED,Yes," 18,437 "," 21,027 ",
0,29,SINGLE,Yes," 22,201 "," 22,820 ",
0,26,MARRIED,Yes," 20,422 "," 19,438 ",
0,32,MARRIED,Yes," 17,922 "," 15,499 ",
0,28,MARRIED,Yes," 16,490 "," 21,955 ",
0,27,MARRIED,Yes," 18,272 "," 13,906 ",
0,26,MARRIED,Yes," 22,632 "," 16,677 ",
0,26,MARRIED,No," 15,370 "," 17,197 ",
0,25,MARRIED,Yes," 20,924 "," 14,687 ",
0,29,SINGLE,Yes," 14,542 "," 22,038 ",
0,31,MARRIED,Yes," 22,267 "," 19,496 ",
0,34,MARRIED,Yes," 21,845 "," 20,112 ",
0,31,MARRIED,No," 15,615 "," 19,728 ",
0,32,SINGLE,Yes," 23,821 "," 15,040 ",
0,30,MARRIED,No," 22,026 "," 17,377 ",
0,27,SINGLE,Yes," 21,968 "," 15,748 ",
0,28,MARRIED,No," 16,558 "," 20,203 ",
0,32,SINGLE,Yes," 22,528 "," 22,293 ",
0,30,MARRIED,Yes," 15,110 "," 22,410 ",
0,31,MARRIED,Yes," 23,127 "," 16,690 ",
0,27,MARRIED,No," 17,921 "," 16,155 ",
0,30,SINGLE,Yes," 23,060 "," 17,179 ",
0,26,MARRIED,No," 21,810 "," 21,030 ",
0,29,MARRIED,No," 23,710 "," 21,959 ",
0,25,SINGLE,No," 14,769 "," 17,674 ",
0,30,MARRIED,No," 16,755 "," 14,431 ",
0,34,MARRIED,Yes," 16,398 "," 17,179 ",
0,25,SINGLE,No," 22,505 "," 15,312 ",
0,31,SINGLE,Yes," 16,226 "," 16,075 ",
0,24,MARRIED,No," 23,785 "," 16,764 ",
0,28,MARRIED,Yes," 18,290 "," 16,072 ",
0,24,SINGLE,No," 17,484 "," 16,659 ",
0,28,SINGLE,Yes," 14,919 "," 20,945 ",
0,34,MARRIED,Yes," 23,823 "," 18,246 ",
0,30,MARRIED,No," 16,657 "," 14,482 ",
0,32,SINGLE,Yes," 17,627 "," 21,027 ",
0,29,MARRIED,Yes," 15,570 "," 14,394 ",
0,33,SINGLE,Yes," 18,723 "," 15,411 ",
0,25,SINGLE,No," 15,219 "," 16,259 ",
0,34,SINGLE,Yes," 14,677 "," 21,042 ",
0,26,MARRIED,Yes," 16,253 "," 17,139 ",
0,25,SINGLE,Yes," 16,165 "," 17,040 ",
0,25,MARRIED,No," 18,852 "," 15,135 ",
0,32,SINGLE,No," 17,754 "," 21,737 ",
0,29,SINGLE,No," 20,727 "," 17,860 ",
0,33,MARRIED,No," 17,985 "," 21,636 ",
0,31,SINGLE,Yes," 20,718 "," 18,637 ",
0,31,SINGLE,Yes," 20,402 "," 19,154 ",
0,27,MARRIED,Yes," 20,108 "," 17,199 ",
0,31,MARRIED,Yes," 14,515 "," 15,837 ",
0,28,SINGLE,Yes," 20,766 "," 18,503 ",
0,25,SINGLE,Yes," 17,295 "," 18,751 ",
0,31,SINGLE,No," 15,467 "," 22,067 ",
0,33,SINGLE,Yes," 15,810 "," 14,031 ",
0,32,MARRIED,Yes," 17,532 "," 20,035 ",
0,28,MARRIED,Yes," 18,158 "," 17,203 ",
0,26,MARRIED,No," 16,178 "," 16,359 ",
0,28,SINGLE,No," 16,649 "," 19,583 ",
0,26,MARRIED,No," 21,897 "," 17,752 ",
0,25,SINGLE,Yes," 21,043 "," 20,471 ",
0,24,SINGLE,Yes," 16,743 "," 19,533 ",
0,24,SINGLE,Yes," 22,772 "," 19,873 ",
0,32,SINGLE,Yes," 15,293 "," 15,804 ",
0,31,MARRIED,No," 16,323 "," 15,831 ",
0,30,MARRIED,No," 14,765 "," 14,705 ",
0,27,SINGLE,No," 16,013 "," 22,929 ",
0,30,SINGLE,No," 19,472 "," 20,460 ",
0,28,SINGLE,Yes," 17,535 "," 20,202 ",
0,25,MARRIED,Yes," 15,149 "," 16,331 ",
0,33,MARRIED,Yes," 15,117 "," 22,818 ",
0,25,SINGLE,Yes," 17,676 "," 18,567 ",
0,25,SINGLE,Yes," 17,978 "," 16,123 ",
0,28,MARRIED,No," 18,589 "," 16,563 ",
0,32,SINGLE,Yes," 22,314 "," 18,925 ",
0,31,MARRIED,No," 18,328 "," 20,751 ",
0,24,SINGLE,Yes," 19,010 "," 21,340 ",
0,32,SINGLE,Yes," 18,091 "," 14,504 ",
0,34,MARRIED,No," 19,205 "," 21,884 ",
0,34,MARRIED,Yes," 18,233 "," 20,607 ",
0,27,SINGLE,Yes," 17,159 "," 16,226 ",
0,32,SINGLE,Yes," 22,900 "," 22,991 ",
0,31,SINGLE,Yes," 15,216 "," 18,229 ",
0,30,MARRIED,No," 16,367 "," 22,056 ",
0,25,MARRIED,Yes," 17,223 "," 17,577 ",
0,28,MARRIED,No," 15,106 "," 20,741 ",
0,34,MARRIED,No," 19,499 "," 22,078 ",
0,25,MARRIED,Yes," 14,847 "," 22,929 ",
0,29,SINGLE,Yes," 22,903 "," 14,865 ",
0,34,MARRIED,No," 21,352 "," 15,576 ",
0,31,SINGLE,Yes," 16,619 "," 15,535 ",
0,33,MARRIED,No," 15,553 "," 16,150 ",
0,34,MARRIED,Yes," 23,122 "," 18,784 ",
0,27,SINGLE,No," 17,984 "," 14,047 ",
0,29,SINGLE,No," 23,190 "," 21,934 ",
0,32,MARRIED,No," 20,102 "," 15,963 ",
0,32,MARRIED,No," 19,284 "," 21,819 ",
0,28,SINGLE,Yes," 21,741 "," 16,283 ",
0,25,SINGLE,Yes," 15,387 "," 22,346 ",
0,29,MARRIED,Yes," 19,140 "," 20,146 ",
0,26,SINGLE,Yes," 22,516 "," 17,013 ",
0,26,MARRIED,No," 20,500 "," 16,644 ",
0,24,SINGLE,Yes," 21,270 "," 15,424 ",
0,28,SINGLE,Yes," 16,261 "," 15,091 ",
0,24,SINGLE,Yes," 17,301 "," 14,405 ",
0,26,MARRIED,No," 16,989 "," 19,193 ",
0,32,MARRIED,No," 16,266 "," 20,295 ",
0,34,SINGLE,No," 21,077 "," 17,488 ",
0,26,SINGLE,Yes," 18,038 "," 19,003 ",
0,27,SINGLE,Yes," 16,052 "," 16,883 ",
0,33,MARRIED,Yes," 15,668 "," 15,003 ",
0,32,SINGLE,Yes," 17,992 "," 22,027 ",
0,28,MARRIED,No," 17,945 "," 17,898 ",
0,29,SINGLE,Yes," 21,622 "," 16,855 ",
0,24,MARRIED,Yes," 19,001 "," 20,030 ",
0,30,SINGLE,Yes," 22,004 "," 17,471 ",
0,32,MARRIED,Yes," 14,780 "," 21,689 ",
0,27,MARRIED,No," 15,769 "," 19,325 ",
0,33,SINGLE,Yes," 20,459 "," 20,119 ",
0,24,SINGLE,No," 21,373 "," 18,105 ",
0,24,MARRIED,No," 22,036 "," 15,266 ",
0,26,SINGLE,Yes," 16,429 "," 19,237 ",
0,31,MARRIED,Yes," 23,067 "," 20,225 ",
0,24,MARRIED,No," 15,020 "," 19,641 ",
0,33,SINGLE,Yes," 15,831 "," 15,914 ",
0,27,MARRIED,No," 23,866 "," 17,157 ",
0,24,MARRIED,Yes," 22,805 "," 16,673 ",
0,27,SINGLE,Yes," 21,431 "," 13,878 ",
0,26,MARRIED,No," 16,150 "," 19,220 ",
0,28,SINGLE,No," 16,764 "," 14,033 ",
0,26,MARRIED,Yes," 20,722 "," 16,774 ",
0,25,SINGLE,Yes," 22,237 "," 18,739 ",
0,29,MARRIED,No," 18,652 "," 18,576 ",
0,32,SINGLE,No," 20,272 "," 20,564 ",
0,34,MARRIED,Yes," 17,189 "," 19,393 ",
0,34,MARRIED,Yes," 17,596 "," 22,311 ",
0,29,MARRIED,Yes," 16,839 "," 18,339 ",
0,28,SINGLE,Yes," 17,303 "," 20,944 ",
0,32,SINGLE,Yes," 19,975 "," 17,984 ",
0,33,MARRIED,Yes," 15,599 "," 14,929 ",
0,27,MARRIED,No," 18,712 "," 22,301 ",
0,33,SINGLE,No," 20,927 "," 16,117 ",
0,29,MARRIED,Yes," 21,380 "," 14,483 ",
0,34,SINGLE,Yes," 22,340 "," 16,201 ",
0,29,SINGLE,Yes," 23,135 "," 19,451 ",
0,24,MARRIED,No," 20,721 "," 14,113 ",
0,26,MARRIED,Yes," 17,535 "," 17,023 ",
0,29,MARRIED,No," 15,088 "," 16,907 ",
0,27,MARRIED,Yes," 15,669 "," 16,905 ",
0,27,SINGLE,Yes," 17,322 "," 14,646 ",
0,30,MARRIED,Yes," 21,006 "," 21,719 ",
0,24,SINGLE,Yes," 17,290 "," 22,048 ",
0,28,SINGLE,Yes," 19,603 "," 14,854 ",
0,27,SINGLE,Yes," 17,904 "," 18,051 ",
0,28,MARRIED,No," 21,200 "," 21,421 ",
0,30,SINGLE,Yes," 16,970 "," 18,921 ",
0,31,SINGLE,Yes," 17,929 "," 17,957 ",
0,31,SINGLE,No," 19,708 "," 22,853 ",
0,27,MARRIED,No," 15,802 "," 19,921 ",
0,26,MARRIED,Yes," 18,899 "," 22,844 ",
0,34,MARRIED,Yes," 20,221 "," 14,693 ",
0,29,MARRIED,Yes," 17,494 "," 22,800 ",
0,31,SINGLE,Yes," 21,017 "," 22,750 ",
0,24,SINGLE,Yes," 21,624 "," 15,768 ",
0,27,MARRIED,No," 23,983 "," 15,569 ",
0,29,SINGLE,Yes," 18,220 "," 14,189 ",
0,33,MARRIED,Yes," 18,435 "," 20,483 ",
0,33,SINGLE,Yes," 15,320 "," 21,727 ",
0,25,MARRIED,Yes," 16,144 "," 22,188 ",
0,30,SINGLE,Yes," 20,329 "," 16,836 ",
0,24,MARRIED,Yes," 24,395 "," 22,880 ",
0,24,SINGLE,Yes," 23,311 "," 18,304 ",
0,29,MARRIED,Yes," 27,662 "," 17,578 ",
0,31,MARRIED,Yes," 20,409 "," 17,913 ",
0,29,SINGLE,No," 26,322 "," 18,038 ",
0,25,SINGLE,Yes," 20,256 "," 14,133 ",
0,33,MARRIED,Yes," 17,437 "," 15,468 ",
0,31,SINGLE,Yes," 22,273 "," 20,241 ",
0,29,MARRIED,No," 26,229 "," 14,846 ",
0,29,MARRIED,Yes," 26,707 "," 22,208 ",
0,30,SINGLE,No," 22,795 "," 19,124 ",
0,24,SINGLE,Yes," 21,084 "," 17,166 ",
0,29,SINGLE,Yes," 16,923 "," 20,579 ",
0,28,SINGLE,No," 23,588 "," 20,998 ",
0,26,SINGLE,Yes," 18,846 "," 22,370 ",
0,27,SINGLE,Yes," 15,303 "," 22,116 ",
0,27,SINGLE,Yes," 24,216 "," 18,215 ",
0,34,SINGLE,Yes," 16,717 "," 18,136 ",
0,30,SINGLE,Yes," 24,465 "," 19,352 ",
0,34,MARRIED,No," 21,379 "," 22,791 ",
0,28,SINGLE,Yes," 25,145 "," 15,571 ",
0,34,SINGLE,No," 20,989 "," 17,204 ",
0,28,MARRIED,Yes," 22,368 "," 18,496 ",
0,33,SINGLE,Yes," 16,045 "," 22,022 ",
0,31,MARRIED,Yes," 19,152 "," 16,164 ",
0,24,MARRIED,No," 26,028 "," 15,467 ",
0,27,MARRIED,Yes," 20,160 "," 21,849 ",
0,24,MARRIED,Yes," 18,461 "," 18,383 ",
0,32,MARRIED,Yes," 23,155 "," 20,290 ",
0,27,MARRIED,Yes," 22,719 "," 16,531 ",
0,27,SINGLE,No," 19,741 "," 14,706 ",
0,25,MARRIED,No," 15,275 "," 18,130 ",
0,28,SINGLE,No," 25,319 "," 13,920 ",
0,34,SINGLE,No," 16,546 "," 17,710 ",
0,31,SINGLE,No," 21,816 "," 17,723 ",
0,30,SINGLE,No," 18,356 "," 20,632 ",
0,34,SINGLE,No," 25,500 "," 16,567 ",
0,30,SINGLE,No," 17,507 "," 19,359 ",
0,25,SINGLE,No," 16,050 "," 18,237 ",
0,32,SINGLE,Yes," 23,392 "," 22,172 ",
0,27,MARRIED,Yes," 15,377 "," 15,238 ",
0,27,SINGLE,No," 23,847 "," 14,516 ",
0,29,SINGLE,No," 17,512 "," 21,850 ",
0,28,SINGLE,No," 26,016 "," 14,235 ",
0,27,SINGLE,No," 27,387 "," 23,000 ",
0,28,SINGLE,No," 20,876 "," 17,011 ",
0,24,SINGLE,No," 24,955 "," 21,810 ",
0,28,SINGLE,No," 18,759 "," 21,867 ",
0,34,MARRIED,No," 26,602 "," 15,365 ",
0,30,MARRIED,No," 21,536 "," 21,009 ",
1,29,MARRIED,Yes," 27,558 "," 21,726 ",
1,25,MARRIED,No," 24,809 "," 22,265 ",
1,35,MARRIED,Yes," 22,838 "," 15,126 ",
1,41,MARRIED,No," 21,786 "," 22,678 ",
1,45,MARRIED,No," 21,474 "," 21,219 ",
1,43,MARRIED,Yes," 26,142 "," 16,123 ",
1,30,MARRIED,Yes," 17,676 "," 21,497 ",
1,41,MARRIED,Yes," 16,355 "," 20,946 ",
0,43,SINGLE,Yes," 22,788 "," 14,511 ",
1,36,MARRIED,No," 24,972 "," 20,298 ",
1,29,MARRIED,No," 15,346 "," 22,698 ",
0,36,MARRIED,Yes," 20,794 "," 14,444 ",
1,41,MARRIED,No," 17,870 "," 19,674 ",
1,32,MARRIED,Yes," 22,447 "," 16,733 ",
1,29,SINGLE,No," 25,748 "," 14,220 ",
1,31,SINGLE,No," 26,421 "," 21,546 ",
1,33,SINGLE,No," 15,685 "," 16,445 ",
1,33,MARRIED,Yes," 27,857 "," 19,389 ",
1,31,MARRIED,No," 27,930 "," 19,018 ",
0,36,MARRIED,No," 23,173 "," 18,121 ",
0,46,SINGLE,Yes," 21,774 "," 14,039 ",
1,28,SINGLE,No," 27,028 "," 17,816 ",
1,32,SINGLE,No," 18,482 "," 17,669 ",
0,37,MARRIED,Yes," 24,325 "," 16,303 ",
1,33,SINGLE,Yes," 25,476 "," 21,552 ",
0,45,SINGLE,Yes," 21,650 "," 13,938 ",
1,44,SINGLE,No," 18,118 "," 21,908 ",
1,37,MARRIED,Yes," 20,666 "," 17,336 ",
1,26,MARRIED,No," 25,364 "," 14,229 ",
0,37,SINGLE,Yes," 16,250 "," 19,167 ",
1,27,MARRIED,No," 22,833 "," 22,736 ",
1,41,MARRIED,Yes," 20,828 "," 16,165 ",
1,33,MARRIED,Yes," 23,463 "," 14,712 ",
1,30,SINGLE,Yes," 25,025 "," 15,873 ",
0,42,MARRIED,No," 19,397 "," 19,624 ",
1,30,SINGLE,No," 24,677 "," 22,149 ",
1,27,SINGLE,Yes," 22,644 "," 16,651 ",
0,37,SINGLE,Yes," 15,866 "," 14,583 ",
1,44,MARRIED,Yes," 27,650 "," 21,961 ",
1,33,SINGLE,Yes," 16,449 "," 16,968 ",
1,34,MARRIED,Yes," 17,816 "," 19,927 ",
0,37,MARRIED,No," 17,129 "," 19,700 ",
0,46,MARRIED,Yes," 16,220 "," 17,658 ",
0,36,MARRIED,No," 27,500 "," 19,559 ",
1,31,SINGLE,No," 22,883 "," 14,597 ",
1,27,SINGLE,Yes," 26,042 "," 14,783 ",
1,38,SINGLE,No," 19,889 "," 21,697 ",
0,44,SINGLE,Yes," 22,617 "," 19,835 ",
1,45,SINGLE,No," 21,660 "," 20,298 ",
1,45,SINGLE,Yes," 26,224 "," 17,973 ",
1,26,MARRIED,Yes," 23,619 "," 17,660 ",
0,39,SINGLE,Yes," 19,962 "," 20,159 ",
0,39,MARRIED,Yes," 23,841 "," 16,470 ",
1,34,MARRIED,No," 27,543 "," 16,896 ",
1,46,MARRIED,Yes," 16,947 "," 17,263 ",
1,25,MARRIED,Yes," 18,757 "," 21,102 ",
0,42,SINGLE,Yes," 18,379 "," 15,097 ",
1,26,SINGLE,Yes," 27,267 "," 21,117 ",
1,28,MARRIED,No," 16,343 "," 17,573 ",
1,36,MARRIED,No," 15,041 "," 17,931 ",
1,42,MARRIED,Yes," 24,971 "," 20,195 ",
1,45,SINGLE,No," 20,520 "," 14,427 ",
0,45,SINGLE,No," 19,704 "," 18,359 ",
0,42,MARRIED,Yes," 18,989 "," 13,225 ",
1,26,SINGLE,Yes," 18,030 "," 18,170 ",
0,45,MARRIED,Yes," 15,137 "," 15,521 ",
1,35,SINGLE,Yes," 18,448 "," 17,524 ",
1,24,MARRIED,Yes," 24,616 "," 19,596 ",
1,24,SINGLE,No," 17,483 "," 20,879 ",
0,43,MARRIED,No," 21,607 "," 15,075 ",
1,43,MARRIED,No," 20,752 "," 16,126 ",
0,44,SINGLE,No," 18,949 "," 19,945 ",
1,45,SINGLE,No," 25,440 "," 17,307 ",
1,32,SINGLE,No," 20,282 "," 15,634 ",
1,31,MARRIED,Yes," 26,981 "," 12,757 ",
1,33,MARRIED,Yes," 21,152 "," 15,308 ",
1,42,SINGLE,Yes," 16,902 "," 14,426 ",
0,37,SINGLE,Yes," 20,973 "," 17,551 ",
1,38,MARRIED,No," 21,249 "," 16,882 ",
1,25,SINGLE,Yes," 26,071 "," 17,408 ",
0,44,SINGLE,No," 18,319 "," 17,223 ",
1,32,MARRIED,Yes," 20,940 "," 18,561 ",
1,35,SINGLE,No," 16,949 "," 17,168 ",
1,30,SINGLE,Yes," 27,399 "," 16,995 ",
1,33,MARRIED,No," 20,683 "," 19,723 ",
0,41,SINGLE,No," 27,318 "," 16,644 ",
1,33,SINGLE,No," 22,373 "," 12,613 ",
1,31,SINGLE,No," 16,074 "," 12,800 ",
1,24,SINGLE,Yes," 21,791 "," 18,945 ",
1,29,SINGLE,No," 19,162 "," 20,654 ",
1,43,SINGLE,No," 17,362 "," 18,486 ",
1,29,SINGLE,Yes," 24,629 "," 17,250 ",
1,29,SINGLE,Yes," 18,036 "," 17,404 ",
1,42,SINGLE,No," 18,743 "," 15,461 ",
0,41,SINGLE,Yes," 25,540 "," 14,543 ",
1,32,MARRIED,No," 16,892 "," 13,748 ",
1,25,SINGLE,No," 17,269 "," 15,546 ",
0,39,MARRIED,No," 16,494 "," 18,766 ",
0,38,SINGLE,Yes," 18,882 "," 13,158 ",
1,38,SINGLE,Yes," 22,472 "," 14,015 ",
0,40,SINGLE,Yes," 18,930 "," 15,751 ",
1,25,SINGLE,Yes," 24,675 "," 20,983 ",
1,35,MARRIED,No," 24,914 "," 19,585 ",
1,34,SINGLE,No," 18,833 "," 18,110 ",
1,28,SINGLE,Yes," 23,860 "," 18,825 ",
1,28,MARRIED,No," 22,262 "," 19,527 ",
0,39,MARRIED,No," 17,308 "," 14,663 ",
1,26,MARRIED,Yes," 19,694 "," 20,721 ",
1,34,MARRIED,Yes," 21,695 "," 11,839 ",
1,29,SINGLE,No," 22,152 "," 20,401 ",
1,27,SINGLE,No," 24,467 "," 18,003 ",
1,36,MARRIED,Yes," 19,267 "," 12,861 ",
1,24,SINGLE,No," 20,556 "," 18,408 ",
1,46,SINGLE,No," 25,657 "," 20,279 ",
0,40,SINGLE,No," 25,801 "," 16,796 ",
1,33,SINGLE,No," 25,674 "," 14,064 ",
1,35,MARRIED,No," 23,455 "," 12,574 ",
1,35,SINGLE,Yes," 17,888 "," 16,447 ",
1,33,SINGLE,Yes," 15,001 "," 18,872 ",
1,39,SINGLE,No," 25,201 "," 12,934 ",
1,39,SINGLE,No," 25,624 "," 13,927 ",
1,26,SINGLE,No," 25,372 "," 20,307 ",
1,30,SINGLE,No," 15,650 "," 18,843 ",
1,28,MARRIED,No," 16,454 "," 19,197 ",
1,33,MARRIED,No," 15,826 "," 15,367 ",
1,29,SINGLE,No," 27,875 "," 13,101 ",
1,45,SINGLE,No," 25,455 "," 19,113 ",
1,32,MARRIED,Yes," 21,349 "," 19,267 ",
1,24,MARRIED,Yes," 17,440 "," 18,324 ",
1,28,SINGLE,No," 23,938 "," 18,358 ",
1,27,MARRIED,No," 24,152 "," 17,514 ",
1,24,MARRIED,No," 19,834 "," 18,118 ",
0,38,SINGLE,No," 25,221 "," 14,836 ",
1,45,SINGLE,Yes," 23,181 "," 17,354 ",
1,32,MARRIED,Yes," 20,381 "," 16,246 ",
1,44,MARRIED,Yes," 26,802 "," 14,580 ",
1,43,SINGLE,No," 27,616 "," 19,327 ",
1,46,SINGLE,No," 17,107 "," 19,285 ",
1,37,MARRIED,No," 25,268 "," 16,810 ",
1,36,SINGLE,No," 25,250 "," 18,650 ",
1,26,SINGLE,Yes," 15,507 "," 19,807 ",
1,29,MARRIED,Yes," 24,523 "," 17,775 ",
1,29,MARRIED,No," 15,466 "," 12,057 ",
1,24,SINGLE,No," 18,584 "," 13,929 ",
1,34,SINGLE,Yes," 20,829 "," 16,916 ",
0,40,SINGLE,No," 19,754 "," 19,306 ",
1,36,SINGLE,No," 21,166 "," 12,489 ",
1,35,SINGLE,Yes," 15,969 "," 18,406 ",
1,29,SINGLE,Yes," 20,821 "," 16,558 ",
1,28,MARRIED,Yes," 23,179 "," 18,596 ",
0,37,SINGLE,No," 17,768 "," 13,245 ",
0,45,MARRIED,No," 17,432 "," 16,216 ",
1,46,MARRIED,No," 26,090 "," 18,224 ",
1,35,SINGLE,Yes," 26,479 "," 16,708 ",
1,32,SINGLE,No," 17,272 "," 14,221 ",
1,33,MARRIED,No," 21,068 "," 16,042 ",
1,32,SINGLE,No," 18,523 "," 12,672 ",
0,39,SINGLE,Yes," 17,441 "," 19,901 ",
1,31,MARRIED,No," 25,080 "," 20,682 ",
1,33,SINGLE,No," 21,319 "," 17,543 ",
1,32,SINGLE,No," 18,873 "," 16,587 ",
1,26,MARRIED,No," 20,635 "," 14,674 ",
1,28,SINGLE,Yes," 15,134 "," 20,322 ",
1,34,SINGLE,No," 22,663 "," 16,319 ",
1,44,SINGLE,No," 24,165 "," 15,310 ",
1,30,SINGLE,No," 15,874 "," 18,291 ",
1,25,SINGLE,No," 20,066 "," 17,221 ",
0,42,MARRIED,No," 27,007 "," 12,327 ",
0,41,SINGLE,No," 18,892 "," 14,734 ",
0,40,MARRIED,No," 19,473 "," 15,413 ",
1,24,SINGLE,Yes," 20,565 "," 16,756 ",
1,33,MARRIED,No," 22,970 "," 19,310 ",
1,28,SINGLE,Yes," 26,290 "," 17,470 ",
1,25,SINGLE,No," 19,090 "," 15,265 ",
1,39,SINGLE,No," 18,854 "," 12,123 ",
1,25,MARRIED,No," 17,141 "," 14,914 ",
1,42,SINGLE,No," 24,299 "," 17,132 ",
1,27,MARRIED,No," 23,771 "," 13,319 ",
1,33,SINGLE,No," 17,870 "," 18,328 ",
1,28,SINGLE,No," 23,619 "," 20,031 ",
1,46,MARRIED,Yes," 15,500 "," 19,888 ",
1,24,SINGLE,No," 25,076 "," 17,358 ",
1,26,MARRIED,No," 15,113 "," 16,498 ",
1,24,SINGLE,Yes," 16,638 "," 12,219 ",
0,40,SINGLE,No," 27,973 "," 16,533 ",
1,34,SINGLE,No," 21,254 "," 13,638 ",
1,43,SINGLE,Yes," 27,202 "," 18,741 ",
0,37,SINGLE,Yes," 26,156 "," 16,276 ",
1,41,SINGLE,Yes," 17,305 "," 16,371 ",
1,27,SINGLE,No," 17,104 "," 14,022 ",
1,35,SINGLE,Yes," 16,690 "," 15,077 ",
1,33,SINGLE,No," 20,380 "," 14,816 ",
1,41,MARRIED,No," 23,587 "," 11,832 ",
1,43,SINGLE,No," 15,519 "," 12,814 ",
1,32,SINGLE,Yes," 16,494 "," 16,651 ",
1,31,SINGLE,Yes," 26,193 "," 18,575 ",
1,40,SINGLE,No," 26,164 "," 18,614 ",
1,24,SINGLE,Yes," 24,567 "," 16,132 ",
1,41,SINGLE,Yes," 25,493 "," 20,737 ",
1,42,SINGLE,No," 17,431 "," 17,590 ",
1,29,SINGLE,No," 17,062 "," 18,552 ",
1,37,MARRIED,No," 19,133 "," 20,234 ",
1,33,SINGLE,No," 24,561 "," 17,524 ",
1,30,SINGLE,No," 15,104 "," 18,823 ",
0,40,MARRIED,Yes," 23,009 "," 16,450 ",
0,38,MARRIED,No," 20,242 "," 19,449 ",
1,24,SINGLE,Yes," 19,112 "," 17,805 ",
0,45,SINGLE,No," 15,046 "," 11,862 ",
1,31,SINGLE,No," 23,362 "," 15,881 ",
1,26,MARRIED,No," 16,016 "," 18,814 ",
1,29,SINGLE,No," 16,666 "," 11,963 ",
1,30,SINGLE,No," 24,516 "," 16,985 ",
0,43,SINGLE,No," 26,013 "," 18,808 ",
0,43,SINGLE,No," 16,197 "," 17,727 ",
1,25,SINGLE,No," 17,430 "," 18,623 ",
1,35,SINGLE,No," 18,967 "," 16,984 ",
1,34,SINGLE,Yes," 16,657 "," 14,108 ",
1,32,SINGLE,No," 20,559 "," 13,987 ",
1,27,SINGLE,No," 19,195 "," 15,575 ",
1,31,SINGLE,Yes," 27,162 "," 11,864 ",
1,26,SINGLE,No," 24,270 "," 13,771 ",
1,35,SINGLE,No," 24,401 "," 18,604 ",
1,34,SINGLE,Yes," 22,659 "," 20,958 ",
1,44,SINGLE,No," 19,788 "," 19,125 ",
1,31,MARRIED,No," 27,501 "," 19,891 ",
1,38,SINGLE,No," 23,858 "," 14,747 ",
1,35,SINGLE,Yes," 16,523 "," 20,662 ",
0,44,MARRIED,Yes," 22,658 "," 19,634 ",
0,43,SINGLE,Yes," 26,074 "," 16,499 ",
1,34,SINGLE,Yes," 19,868 "," 12,625 ",
1,24,SINGLE,Yes," 17,950 "," 18,206 ",
1,26,SINGLE,Yes," 22,371 "," 17,348 ",
1,28,SINGLE,Yes," 24,875 "," 13,035 ",
1,34,SINGLE,Yes," 20,712 "," 15,560 ",
1,31,SINGLE,No," 21,014 "," 15,528 ",
1,32,SINGLE,No," 22,765 "," 14,842 ",
1,44,SINGLE,No," 16,465 "," 18,777 ",
1,32,SINGLE,No," 15,961 "," 18,297 ",
1,43,MARRIED,Yes," 25,499 "," 11,831 ",
1,35,SINGLE,No," 22,666 "," 19,874 ",
0,36,SINGLE,Yes," 17,623 "," 13,652 ",
1,35,MARRIED,No," 22,820 "," 13,643 ",
0,36,MARRIED,Yes," 21,129 "," 12,968 ",
1,38,SINGLE,No," 22,899 "," 12,118 ",
1,33,SINGLE,No," 27,188 "," 14,706 ",
0,39,MARRIED,No," 21,645 "," 17,280 ",
0,40,SINGLE,No," 15,797 "," 15,613 ",
0,41,SINGLE,Yes," 16,010 "," 15,238 ",
1,38,SINGLE,Yes," 20,766 "," 18,124 ",
1,31,SINGLE,No," 15,099 "," 17,514 ",
1,46,MARRIED,No," 17,063 "," 19,174 ",
1,32,SINGLE,No," 20,521 "," 20,749 ",
1,41,SINGLE,No," 27,559 "," 14,123 ",
1,35,SINGLE,Yes," 21,038 "," 14,233 ",
1,25,SINGLE,Yes," 23,142 "," 18,233 ",
1,39,SINGLE,No," 25,422 "," 20,792 ",
1,25,SINGLE,Yes," 27,978 "," 20,535 ",
1,38,SINGLE,No," 15,333 "," 20,405 ",
0,36,SINGLE,No," 15,278 "," 12,957 ",
0,46,SINGLE,No," 24,395 "," 20,810 ",
1,29,MARRIED,No," 25,028 "," 12,523 ",
1,26,SINGLE,No," 24,667 "," 13,630 ",
0,45,SINGLE,No," 20,730 "," 18,329 ",
1,34,SINGLE,Yes," 26,004 "," 20,908 ",
1,29,SINGLE,Yes," 25,914 "," 15,591 ",
1,44,SINGLE,No," 18,140 "," 19,151 ",
1,25,SINGLE,No," 18,736 "," 13,335 ",
1,31,SINGLE,Yes," 16,317 "," 20,768 ",
1,34,SINGLE,No," 25,622 "," 15,096 ",
0,44,MARRIED,Yes," 24,559 "," 19,816 ",
1,34,SINGLE,No," 25,627 "," 18,357 ",
1,29,SINGLE,Yes," 23,324 "," 19,380 ",
1,45,SINGLE,No," 15,175 "," 17,167 ",
1,30,SINGLE,No," 19,733 "," 14,135 ",
0,40,SINGLE,No," 25,215 "," 17,759 ",
0,40,SINGLE,Yes," 23,690 "," 16,793 ",
1,28,SINGLE,No," 24,938 "," 13,373 ",
1,33,SINGLE,Yes," 23,506 "," 17,818 ",
0,44,MARRIED,Yes," 22,487 "," 13,551 ",
1,43,MARRIED,No," 22,489 "," 14,693 ",
1,24,SINGLE,No," 26,966 "," 13,466 ",
1,45,SINGLE,Yes," 18,279 "," 14,280 ",
1,41,SINGLE,No," 18,682 "," 16,921 ",
1,42,SINGLE,No," 23,590 "," 13,038 ",
1,39,SINGLE,Yes," 26,057 "," 14,931 ",
1,38,SINGLE,No," 19,038 "," 20,792 ",
1,30,SINGLE,Yes," 22,909 "," 14,277 ",
1,40,MARRIED,Yes," 22,866 "," 16,316 ",
0,42,SINGLE,Yes," 16,045 "," 15,033 ",
0,41,SINGLE,No," 15,677 "," 20,721 ",
1,33,SINGLE,Yes," 15,895 "," 17,916 ",
1,30,SINGLE,Yes," 22,507 "," 12,514 ",
1,24,SINGLE,No," 22,416 "," 14,421 ",
1,32,SINGLE,Yes," 26,554 "," 15,635 ",
1,35,SINGLE,No," 19,378 "," 12,137 ",
1,30,SINGLE,No," 16,057 "," 20,798 ",
1,26,SINGLE,Yes," 24,963 "," 18,386 ",
1,24,SINGLE,Yes," 25,243 "," 19,824 ",
0,43,SINGLE,No," 16,801 "," 14,225 ",
0,38,SINGLE,No," 20,130 "," 19,755 ",
0,44,SINGLE,No," 22,858 "," 20,050 ",
1,30,MARRIED,No," 23,133 "," 15,748 ",
0,39,SINGLE,Yes," 21,860 "," 16,286 ",
1,43,SINGLE,No," 26,584 "," 15,420 ",
0,39,SINGLE,Yes," 17,932 "," 20,554 ",
1,46,SINGLE,No," 19,162 "," 14,971 ",
0,42,SINGLE,Yes," 20,511 "," 14,507 ",
1,27,SINGLE,No," 26,377 "," 14,380 ",
1,34,MARRIED,No," 15,034 "," 19,425 ",
1,26,SINGLE,No," 25,446 "," 16,335 ",
1,29,SINGLE,No," 19,805 "," 20,869 ",
1,44,MARRIED,No," 17,961 "," 17,959 ",
1,46,SINGLE,Yes," 20,929 "," 14,442 ",
1,33,SINGLE,Yes," 25,229 "," 13,858 ",
1,38,SINGLE,Yes," 21,382 "," 17,460 ",
1,31,MARRIED,No," 17,664 "," 18,293 ",
0,36,SINGLE,No," 25,359 "," 14,732 ",
1,43,SINGLE,No," 23,690 "," 17,166 ",
1,27,SINGLE,No," 26,217 "," 20,130 ",
1,37,SINGLE,No," 22,552 "," 14,993 ",
